{"miles":496.9493576264015,"imports":65821,"exports":18150,"domestic":349888,"countries":[{"name":"Canada","distance":1399.7643467816545,"pct":8.48},{"name":"Chile","distance":5144.888565929868,"pct":7.35},{"name":"Mexico","distance":1181.1347065300388,"pct":0}]}