{"miles":3530.296241794621,"imports":290,"exports":2,"domestic":0,"countries":[{"name":"China","distance":7060.592483589242,"pct":50}]}