{"miles":6060.216666697946,"imports":2,"exports":0,"domestic":0,"countries":[{"name":"Côte d'Ivoire","distance":6060.216666697946,"pct":100}]}