{"miles":4434.4702704585225,"imports":7,"exports":258,"domestic":0,"countries":[{"name":"Brazil","distance":4434.4702704585225,"pct":100}]}