{"miles":4745.751477058828,"imports":1,"exports":69,"domestic":0,"countries":[{"name":"Spain","distance":4745.751477058828,"pct":100}]}